moscow/location assure india/location solidarity country,8
come capital stay guesthouse paharganj/location rush market,2
however see,4
arrest connection blast west bardhaman/location amid,16
will arrive,1
later bring,3
expose person behind,2
eulogise contribution towards,1
explode bus stop poocherikunnu/location near,4
accuse police custody till,2
die blast anas/person b.sc student poona/organization college/organization football player day blast anas/person german/location bakery/location along,2
kill schedule like,2
far reveal money amount include,1
may throw,2
reveal money amount include,16
transfer aiims/organization jpn/organization trauma/organization centre/organization accord,2
recently get near,2
will visit assam/location,2
may feel nothing combination exhilaration exhaustion among,4
file gupta/person along,4
deploy police personnel across,1
want string terror attack across,2
derail blast track chautara/location gosaigaon/location halt/location station lower/location assam/location kokrajhar/location district,4
address president pranab/person mukherjee/person memorandum near,2
die city hospital,2
sound city police station,16
book punish without,6
preserve investigation sack outside,2
fit timer device office kamrup/location police near,2
seize firearm bullet along,1
kill spot blast tea shop uthangarai/location bazaar/location krishnagiri/location road/location around,4
express train follow,4
lash shower,1
lynch kagdapith/location police/location station/location area monday,4
arrest anyone relation attack till,1
explode focus group,1
highly sensitive area behind,2
may begin,4
explode capital complex thursday amid,4
follow pattern blast,1
take turn thursday,1
beef place around,1
several hospital include,2
express wee hour thursday accord,8
escort raj/location bhawan/location airport/location security past,2
prepared explosive expert follow,4
hand nia/organization delhi/location airport/location,1
fire ambulance upon,1
explosive expert follow,4
claim responsibility blast,4
happen luggage van 2423a rajdhanus naujan/location sugajan/location around,2
receive call,4
first plant vehicle parking lot,1
suspect udaipur/location,1
reach rishikesh/location schedule around,4
reportedly want treat terror attack offer jayalalithaa/organization government/organization probe elite national/organization investigation/organization agency/organization,2
will know,1
deliver money sajid/person saturday afternoon jessore/location road near,1
beef place market across,1
explode militant assam/location town,4
ethnically religiously divide,1
arrive new/location delhi/location help,1
hyderabad/mumbai rock,2
call shutdown,1
crowd market near,2
preserve investigation sack near,2
withdraw back top,8
hurl bomb around,2
down military aircraft,4
however yet take,2
mount attack within,2
may rush,2
determine illegal migrant within,2
rock varanasi/location tuesday evening,4
yet still grope,10
occur johari/location bazaar/location jewellery market heart city within,4
pro-pakistan militant group like,4
now legally bind,2
receive ex-gratia amount revenue authority accord set,1
assemble village,4
reportedly spot near,1
produce court connection bomb attack uttar pradesh minister,2
wall city within,1
tell pti/organization,1
kill operation saranda/location forest jharkhand/location west/location singhbhum/location district,2
blame party/organization bharatiya/organization janata/organization party/organization,1
visit india,4
calm watch accord,1
take place inside,2
rip neighbourhood around,1
resume service around,1
take place around,8
admit assam/organization medical/organization college/organization hospital/organization,4
target city across,4
take place near,5
rush ssl/location hospital/location accord,4
injured powerful blast outside,1
kill people outside,2
might see,2
behind soon reach,34
will soon research/organization,3
bring badaun/location custody till,1
set host,2
tell hindu/organization search operation along,8
step airports/location railway/location stations/location across,8
make breakthrough investigation,4
hyderabad/location arrest,2
carry location soil,2
rip bakery near,2
sensitive area behind,2
invite walk path forgiveness forbearance thehseen/person zakir/person kochi/location bomb blast corner world spell,8
rock cinema hall ludhiana/location sunday night id festivity,4
militant group like,4
plant explosive,2
identify body relative without,1
pay r,1
tighten security american establishment across,1
take place include,2
visit causeway alampatti/location near,1
several section,4
quite precariously make,2
use blast ahat-e-noor/location dargah premise mastermind behind,2
dump tree near,2
take place,4
injure 40 child among,2
take street,1
arrest cell delhi/organization police/organization hyderabad/location friday morning,2
plant vehicle parking lot,1
just pull chennai/location station,16
create panic area accord,8
reach mumbai/location,4
join chief ban/person ki-moon/person,2
take march spot towards,2
strike hyderabad/location around,1
send police custody till,4
give lead police,2
forward statement woman,1
blast miscreant corporation road area town police station limit around,4
rock dilsukhnagar/location thursday evening one near,4
first take a.m.,2
explode transport/organization corporation/organization bus follow,4
venerate hindu muslim christian across,2
tell indian/organization express/organization around,1
give book government school t life beyond,12
derail blast track chautara/location gosaigaon/location halt/location station lower/location assam/location kokrajhar/location district along,2
almost simultaneously take,2
step vigil around,4
take street throughout,1
injure people among,2
send shockwave throughout,4
separately demand,1
allegedly plant explosive,1
carry suicide attack post valley,1
rule party people behind,2
seat explode,10
take place succession include,2
proceed buy fish market across,1
73 come per,2
rig explosive near,1
mention suspect sayed/person maqbool/person imran/person khan/person july,2
spread message peace across,1
mushroom state without,1
take place basement front shrine building,2
may feel among,4
reschedule blast kokrajhar/location district,2
instead target city across,4
pull chennai/location station,16
trigger united/organization liberation/organization front/organization asom/organization part state since,4
detonate bomb killing girl,2
allegedly plant explosive blast site accord,1
hold meeting nia/organization probe team,1
gather shred evidence behind,4
tell reporter naqi/person nadeem/person resident,2
pro-pakistan group like,4
may likely begin,4
create havoc bauri/location sahi/location square bijipur/location area city saturday morning,4
almost entirely solve,4
impose curfew across,1
go hospital around,2
hurl bomb near,8
lob crpf/organization transit camp near,8
kill suicide blast security check post bajaur/location agency friday morning accord,1
will evolve israel/location,6
several state include,1
injure 40 10-year-old child among,2
want treat terror attack offer jayalalithaa/organization government/organization probe elite national/organization investigation/organization agency/organization,2
recover railway track near,1
oppose formation nctc/organization bjp/organization,4
trigger ndfb/organization daimary/person president ndfb/organization since,1
dynamite railway track near,1
still hastily place,2
pertain bomb blast railway track near,2
stage dharna near,1
assure india/location solidarity country,8
warn karnataka/location terror hitlist along,2
explode militant assam/location town behind,16
arrest connection dhemaji/location bomb blast president,2
rock assam/location since,4
may throw link andhra/organization pradesh/organization police/organization,2
allegedly plant explosive,2
accuse bangalore/location bomb blast case near,1
prepared expert follow,4
later hold meeting nia/organization probe team,1
rock cinema hall ludhiana/location sunday night id festivity,4
